epoch,train_loss,valid_loss
1,0.28832777743301696,0.14231219036238535
2,0.15069018079647942,0.032773474497454505
3,0.05461239049004184,0.01697059428053243
4,0.04634113719184247,0.01631860195526055
5,0.04539704646560408,0.01552405793751989
6,0.04569884856778478,0.015176254324615002
7,0.04633810495336851,0.016206684921469008
8,0.0449270224346528,0.015505281543093068
9,0.044373191863534944,0.015732528442250832
10,0.041225808716955636,0.015669612347015312
