epoch,train_loss,valid_loss
1,0.15210605296306312,0.02965227933600545
2,0.043931715947110206,0.022111258003860712
3,0.041779900318942964,0.019524281844496727
4,0.037488186004338786,0.021563094574958086
5,0.034163181902840734,0.023694540373981
6,0.03227647359017283,0.023960682097822428
7,0.03086079325294122,0.023695739917457104
8,0.029107995331287384,0.03410724364221096
