epoch,train_loss,valid_loss
1,0.31957813677570174,0.02425128055204238
2,0.053992867942840334,0.020805305136101588
3,0.04660621371179346,0.021352939307689667
4,0.046835145661755215,0.02136553744120257
5,0.04938468410973511,0.020995154843798707
6,0.04613965779306397,0.02110223046370915
7,0.04607575147279671,0.02122684501643692
