epoch,train_loss,valid_loss
1,0.5010653125151755,0.07044009545019694
2,0.13407406400120447,0.05845788972718375
3,0.09359486034465214,0.017872719360249385
4,0.05636633376753519,0.014647778456232377
5,0.05170377642507591,0.018876327268247093
6,0.04963940763402553,0.018911497933523997
7,0.04612429615938001,0.018069489592952386
8,0.04714278465816899,0.020439979021570513
9,0.04517439343330879,0.019740035757422447
