epoch,train_loss,valid_loss
1,0.2906308830493972,0.1532935564007078
2,0.08247109088632795,0.02559254744223186
3,0.027176734607016282,0.025717493279704025
4,0.02563067493102853,0.022723392516906773
5,0.02266820895648192,0.02294197478996856
6,0.022678956988134553,0.02259448596409389
7,0.019818758643749688,0.02404479921928474
8,0.020141408712204014,0.026305613507117544
9,0.019061304606674684,0.02266077950064625
