epoch,train_loss,valid_loss
1,0.43485321790452985,0.2591056397983006
2,0.2682673204985876,0.14344768119709833
3,0.12283735967699498,0.032245732843875885
4,0.04355326179592382,0.02027338171111686
5,0.0417817851439828,0.01842960242980293
6,0.038291722314343565,0.019583186134696007
7,0.03659947043550866,0.019353827594646385
8,0.035291289378489764,0.02024541582380022
9,0.035293524478754355,0.018844049290886948
10,0.0361278730311564,0.018491152940051898
