epoch,train_loss,valid_loss
1,0.839273287663384,0.32706413737365175
