epoch,train_loss,valid_loss
1,0.39385955839876147,0.26156999596527647
2,0.2945010294280355,0.1616626594747816
3,0.11581932617321847,0.022730575342263495
4,0.04946007969833556,0.01734399176867945
5,0.04628086229047132,0.016696813516318798
6,0.04076689842437941,0.01975893841258117
7,0.04062141055270793,0.01809958947290267
8,0.03763653587786451,0.02091240876221231
9,0.03786672651767731,0.020162234149341072
10,0.03886998054527101,0.02004578031067337
