epoch,train_loss,valid_loss
1,3167.96539826904,12.58840547289167
2,9.274487385674128,0.8861957788467407
3,5.634669222528973,5.543058054787772
4,2.924582001708803,0.24175330570765904
5,2.2469196433112737,0.04205240788204329
6,1.1996558625546714,2.2257163184029713
7,0.8189030005818322,0.09236787259578705
